{"count":1,"self":107.092896,"total":329.14368609999997,"children":{"AgentResetIfDone":{"count":342001,"self":2.0123379999999997,"total":2.0123379999999997,"children":null},"AgentSendState":{"count":342001,"self":1.98142,"total":2.2264029,"children":{"CollectObservations":{"count":38001,"self":0.2449828,"total":0.2449828,"children":null}}},"DecideAction":{"count":342001,"self":215.0181888,"total":215.79637639999999,"children":{"AgentInfo.ToProto":{"count":38001,"self":0.778181,"total":0.778181,"children":null}}},"AcademyStep":{"count":342001,"self":0.8852692,"total":0.8852692,"children":null},"AgentAct":{"count":342001,"self":1.1284082,"total":1.1284082,"children":null}}}