{"count":1,"self":264.9231872,"total":273.8186201,"children":{"AgentResetIfDone":{"count":13530,"self":0.0329167,"total":0.0329167,"children":null},"AgentSendState":{"count":13530,"self":0.1740227,"total":1.4726214,"children":{"CollectObservations":{"count":27062,"self":1.2985986999999999,"total":1.2985986999999999,"children":null}}},"DecideAction":{"count":13530,"self":7.0479992,"total":7.0479994999999995,"children":null},"AcademyStep":{"count":13530,"self":0.0135677,"total":0.0135677,"children":null},"AgentAct":{"count":13530,"self":0.3273098,"total":0.3273098,"children":null}}}