{"count":1,"self":38.3100416,"total":38.3857387,"children":{"AgentResetIfDone":{"count":1871,"self":0.001736,"total":0.001736,"children":null},"AgentSendState":{"count":1871,"self":0.0044043,"total":0.043554499999999996,"children":{"CollectObservations":{"count":1871,"self":0.039150199999999996,"total":0.039150199999999996,"children":null}}},"DecideAction":{"count":1871,"self":0.011394,"total":0.011394,"children":null},"AcademyStep":{"count":1871,"self":0.0040349,"total":0.0040349,"children":null},"AgentAct":{"count":1871,"self":0.0139812,"total":0.0139812,"children":null}}}