{"cameraMode":{"drawMode":0,"name":"Shaded","section":"Shading Mode"},"sceneLighting":false,"audioPlay":false,"sceneViewState":{"showFog":true,"showMaterialUpdate":false,"showSkybox":false,"showFlares":true,"showImageEffects":true,"showParticleSystems":true},"in2DMode":false,"pivot":{"x":0.0,"y":-0.000003337860107421875,"z":-4.76837158203125e-7},"rotation":{"x":-0.17000709474086762,"y":0.8273501992225647,"z":-0.3403826951980591,"w":-0.4132079482078552},"size":9.662321090698243,"orthographic":false}