{"cameraMode":{"drawMode":0,"name":"Shaded","section":"Shading Mode"},"sceneLighting":false,"audioPlay":false,"sceneViewState":{"showFog":true,"showMaterialUpdate":false,"showSkybox":false,"showFlares":true,"showImageEffects":true,"showParticleSystems":true},"in2DMode":false,"pivot":{"x":0.0,"y":1.9098281860351563,"z":1.1920928955078126e-7},"rotation":{"x":-0.2530509829521179,"y":-0.3246937096118927,"z":0.09054428339004517,"w":-0.9068591594696045},"size":86.64041900634766,"orthographic":true}