{"cameraMode":{"drawMode":0,"name":"Shaded","section":"Shading Mode"},"sceneLighting":false,"audioPlay":false,"sceneViewState":{"showFog":true,"showMaterialUpdate":false,"showSkybox":false,"showFlares":true,"showImageEffects":true,"showParticleSystems":true},"in2DMode":false,"pivot":{"x":1.5862557888031006,"y":-1.8577570915222169,"z":-1.0338027477264405},"rotation":{"x":-0.17000709474086762,"y":0.8273501992225647,"z":-0.3403826951980591,"w":-0.4132079482078552},"size":16.07817840576172,"orthographic":false}