{"cameraMode":{"drawMode":0,"name":"Shaded","section":"Shading Mode"},"sceneLighting":false,"audioPlay":false,"sceneViewState":{"showFog":true,"showMaterialUpdate":false,"showSkybox":false,"showFlares":true,"showImageEffects":true,"showParticleSystems":true},"in2DMode":false,"pivot":{"x":-2.027590036392212,"y":-1.6419020891189576,"z":1.9655989408493043},"rotation":{"x":-0.26119109988212588,"y":0.5769815444946289,"z":-0.20170485973358155,"w":-0.7471302151679993},"size":12.044443130493164,"orthographic":false}