{"cameraMode":{"drawMode":0,"name":"Shaded","section":"Shading Mode"},"sceneLighting":false,"audioPlay":false,"sceneViewState":{"showFog":true,"showMaterialUpdate":false,"showSkybox":false,"showFlares":true,"showImageEffects":true,"showParticleSystems":true},"in2DMode":false,"pivot":{"x":330.15582275390627,"y":616.7822265625,"z":-336.9344787597656},"rotation":{"x":0.3295595347881317,"y":-0.6003360748291016,"z":0.2973543107509613,"w":0.665300726890564},"size":628.233642578125,"orthographic":false}