{"cameraMode":{"drawMode":0,"name":"Shaded","section":"Shading Mode"},"sceneLighting":true,"audioPlay":false,"sceneViewState":{"showFog":true,"showMaterialUpdate":false,"showSkybox":true,"showFlares":true,"showImageEffects":true,"showParticleSystems":true},"in2DMode":false,"pivot":{"x":295.4246826171875,"y":7.582979202270508,"z":100.6084213256836},"rotation":{"x":-0.1187143325805664,"y":0.1885662078857422,"z":-0.022977709770202638,"w":-0.9746285080909729},"size":1374.4097900390625,"orthographic":false}