{"cameraMode":{"drawMode":0,"name":"Shaded","section":"Shading Mode"},"sceneLighting":false,"audioPlay":false,"sceneViewState":{"showFog":true,"showMaterialUpdate":false,"showSkybox":false,"showFlares":true,"showImageEffects":true,"showParticleSystems":true},"in2DMode":false,"pivot":{"x":0.0,"y":-0.000013828277587890625,"z":0.000002384185791015625},"rotation":{"x":-0.04659402742981911,"y":0.944408655166626,"z":-0.1531894952058792,"w":-0.28717663884162905},"size":13.051346778869629,"orthographic":false}