{"cameraMode":{"drawMode":0,"name":"Shaded","section":"Shading Mode"},"sceneLighting":true,"audioPlay":false,"sceneViewState":{"showFog":true,"showMaterialUpdate":false,"showSkybox":true,"showFlares":true,"showImageEffects":true,"showParticleSystems":true},"in2DMode":false,"pivot":{"x":6.599999904632568,"y":0.24098587036132813,"z":-0.03190124034881592},"rotation":{"x":0.3452894985675812,"y":0.15830470621585847,"z":-0.05917992815375328,"w":0.9232015013694763},"size":433.1802673339844,"orthographic":true}